Day,Treatment,F.Model,R2,p.value,p.adjusted,p.adjusted2
0,IM,1.575796,0.04308302,0.159,0.191538462,NA
0,IF,1.49844,0.04105491,0.166,0.191538462,NA
4,IM,5.079688,0.10789554,0.001,0.0025,0.002
4,IF,7.688998,0.16123211,0.001,0.0025,0.002
7,IM,9.822251,0.25969504,0.001,0.0025,0.002
7,IF,12.362255,0.31406369,0.001,0.0025,0.002
11,IM,1.758262,0.1191375,0.046,0.0705,NA
11,IF,21.445292,0.62258993,0.001,0.0025,0.002
14,IM,1.662665,0.12169407,0.118,0.160909091,NA
14,IF,2.231272,0.14649281,0.047,0.0705,NA